name,city,stars,category,num_reviews,mood,price_per_night,reputazione,comfort,popolarita,prezzo,leisure
Hotel A0,Genova,1.0,Budget/Motel,44,Business/Lavoro,37.0,0.0,0.1,0.008963707914298208,0.026041666666666668,0.16523585398772156
Hotel B1,Roma,2.3,Standard,172,Business/Lavoro,127.0,0.32499999999999996,0.5,0.03694796676869261,0.2604166666666667,0.0980007946879752
Hotel C2,Napoli,1.6,Budget/Motel,73,Business/Lavoro,41.0,0.15000000000000002,0.1,0.01530389156099694,0.036458333333333336,0.18752255979032287
Hotel D3,Torino,1.6,Standard,78,Relax/Vacanza,103.0,0.15000000000000002,0.5,0.01639702667249672,0.19791666666666666,0.8970282358195607
Hotel E4,Bari,3.0,Lusso/Resort,307,Relax/Vacanza,199.0,0.5,0.95,0.0664626147791867,0.4479166666666667,0.7524482405673082
Hotel F5,Milano,4.1,Budget/Motel,29,Business/Lavoro,42.0,0.7749999999999999,0.1,0.005684302579798863,0.0390625,0.08489102465688408
Hotel G6,Torino,3.0,Budget/Motel,521,Relax/Vacanza,43.0,0.5,0.1,0.11324879755137734,0.041666666666666664,0.8563920201583642
Hotel H7,Milano,4.0,Budget/Motel,27,Business/Lavoro,48.0,0.75,0.1,0.005247048535198951,0.0546875,0.13418787038282087
Hotel I8,Bari,4.3,Lusso/Resort,67,Relax/Vacanza,224.0,0.825,0.95,0.013992129427197202,0.5130208333333334,0.8491599421247855
Hotel J9,Palermo,4.0,Standard,1491,Relax/Vacanza,82.0,0.75,0.5,0.3253170091823349,0.14322916666666666,0.807347803621321
Hotel K10,Torino,2.7,Standard,574,Relax/Vacanza,87.0,0.42500000000000004,0.5,0.12483602973327504,0.15625,0.8939698987431414
Hotel L11,Napoli,3.4,Budget/Motel,166,Business/Lavoro,42.0,0.6,0.1,0.03563620463489287,0.0390625,0.1888895967714474
Hotel M12,Milano,4.0,Standard,48,Relax/Vacanza,135.0,0.75,0.5,0.009838216003498032,0.28125,0.8533015348780608
Hotel N13,Catania,2.5,Budget/Motel,78,Relax/Vacanza,42.0,0.375,0.1,0.01639702667249672,0.0390625,0.9063620603484016
Hotel O14,Palermo,3.8,Standard,162,Relax/Vacanza,124.0,0.7,0.5,0.03476169654569305,0.2526041666666667,0.8733754671126023
Hotel P15,Venezia,4.5,Lusso/Resort,155,Relax/Vacanza,366.0,0.875,0.95,0.03323130738959335,0.8828125,0.807035376855838
Hotel Q16,Napoli,3.0,Standard,133,Relax/Vacanza,106.0,0.5,0.5,0.028421512898994316,0.20572916666666666,0.8684375392041249
Hotel R17,Verona,3.1,Lusso/Resort,143,Business/Lavoro,229.0,0.525,0.95,0.03060778312199388,0.5260416666666666,0.10205586995855004
Hotel S18,Verona,2.1,Budget/Motel,114,Relax/Vacanza,38.0,0.275,0.1,0.024267599475295148,0.028645833333333332,0.8939225150653636
Hotel T19,Torino,3.5,Standard,26,Business/Lavoro,129.0,0.625,0.5,0.005028421512898994,0.265625,0.14750370445068736
Hotel U20,Venezia,3.3,Budget/Motel,79,Business/Lavoro,52.0,0.575,0.1,0.016615653694796676,0.06510416666666667,0.14075688182273696
Hotel V21,Palermo,2.8,Standard,444,Relax/Vacanza,79.0,0.44999999999999996,0.5,0.09641451683428072,0.13541666666666666,0.8159535227798029
Hotel W22,Palermo,3.0,Budget/Motel,28,Relax/Vacanza,38.0,0.5,0.1,0.005465675557498907,0.028645833333333332,0.9111270669337015
Hotel X23,Palermo,3.5,Budget/Motel,118,Business/Lavoro,38.0,0.625,0.1,0.025142107564494972,0.028645833333333332,0.1422735258965599
Hotel Y24,Roma,3.5,Budget/Motel,55,Relax/Vacanza,45.0,0.625,0.1,0.011368605159597726,0.046875,0.8285836088918446
Hotel Z25,Torino,5.0,Lusso/Resort,169,Relax/Vacanza,236.0,1.0,0.95,0.036292085701792744,0.5442708333333334,0.8323933224755885
Hotel A26,Palermo,4.4,Standard,93,Business/Lavoro,111.0,0.8500000000000001,0.5,0.019676432006996064,0.21875,0.17661545927766742
Hotel B27,Catania,3.2,Lusso/Resort,873,Business/Lavoro,194.0,0.55,0.95,0.19020550940096195,0.4348958333333333,0.1682722032182039
Hotel C28,Bologna,5.0,Lusso/Resort,272,Business/Lavoro,206.0,1.0,0.95,0.05881066899868824,0.4661458333333333,0.17063663057979941
Hotel D29,Napoli,3.0,Standard,30,Relax/Vacanza,113.0,0.5,0.5,0.005902929602098819,0.22395833333333334,0.8715410501503941
Hotel E30,Bologna,4.2,Standard,332,Business/Lavoro,118.0,0.8,0.5,0.07192829033668562,0.23697916666666666,0.2570823800435231
Hotel F31,Firenze,3.1,Budget/Motel,58,Business/Lavoro,47.0,0.525,0.1,0.012024486226497596,0.052083333333333336,0.12967924918076923
Hotel G32,Milano,3.1,Standard,74,Relax/Vacanza,101.0,0.525,0.5,0.015522518583296896,0.19270833333333334,0.8243878635464231
Hotel H33,Verona,2.0,Standard,216,Business/Lavoro,103.0,0.25,0.5,0.04656755574989069,0.19791666666666666,0.1093113635876061
Hotel I34,Catania,3.3,Standard,82,Relax/Vacanza,93.0,0.575,0.5,0.017271534761696544,0.171875,0.8807989711287748
Hotel J35,Genova,2.8,Lusso/Resort,433,Relax/Vacanza,290.0,0.44999999999999996,0.95,0.0940096195889812,0.6848958333333334,0.9064486146360445
Hotel K36,Palermo,4.8,Lusso/Resort,58,Relax/Vacanza,187.0,0.95,0.95,0.012024486226497596,0.4166666666666667,0.8443026271172562
Hotel L37,Roma,4.6,Standard,70,Relax/Vacanza,125.0,0.8999999999999999,0.5,0.01464801049409707,0.2552083333333333,0.8079921761518736
Hotel M38,Catania,3.4,Lusso/Resort,67,Relax/Vacanza,243.0,0.6,0.95,0.013992129427197202,0.5625,0.808775939215438
Hotel N39,Torino,3.6,Standard,75,Business/Lavoro,67.0,0.65,0.5,0.015741145605596852,0.10416666666666667,0.18252963939123507
Hotel O40,Venezia,2.8,Standard,555,Business/Lavoro,172.0,0.44999999999999996,0.5,0.12068211630957586,0.3776041666666667,0.18716270856017211
Hotel P41,Genova,2.5,Budget/Motel,315,Relax/Vacanza,35.0,0.375,0.1,0.06821163095758635,0.020833333333333332,0.8771577134152597
Hotel Q42,Verona,4.0,Standard,1155,Business/Lavoro,121.0,0.75,0.5,0.25185832968954963,0.24479166666666666,0.11672451463556527
Hotel R43,Verona,3.4,Standard,2255,Business/Lavoro,120.0,0.6,0.5,0.4923480542195015,0.2421875,0.16160806615333598
Hotel S44,Venezia,4.4,Budget/Motel,43,Relax/Vacanza,71.0,0.8500000000000001,0.1,0.00874508089199825,0.11458333333333333,0.8558342904570364
Hotel T45,Catania,2.6,Budget/Motel,161,Relax/Vacanza,41.0,0.4,0.1,0.03454306952339309,0.036458333333333336,0.8609344298364506
Hotel U46,Torino,4.2,Standard,36,Relax/Vacanza,67.0,0.8,0.5,0.007214691735898557,0.10416666666666667,0.8935714388974094
Hotel V47,Bologna,3.5,Standard,58,Relax/Vacanza,97.0,0.625,0.5,0.012024486226497596,0.18229166666666666,0.8611797774387341
Hotel W48,Bari,4.0,Standard,69,Business/Lavoro,95.0,0.75,0.5,0.014429383471797114,0.17708333333333334,0.18394567815359475
Hotel X49,Palermo,3.6,Lusso/Resort,41,Relax/Vacanza,215.0,0.65,0.95,0.008307826847398338,0.4895833333333333,0.8533789534744446
Hotel Y50,Firenze,4.0,Lusso/Resort,42,Relax/Vacanza,320.0,0.75,0.95,0.008526453869698294,0.7630208333333334,0.8644559699344991
Hotel Z51,Venezia,3.9,Lusso/Resort,124,Relax/Vacanza,393.0,0.725,0.95,0.026453869698294708,0.953125,0.881564411291927
Hotel A52,Napoli,2.3,Budget/Motel,34,Relax/Vacanza,44.0,0.32499999999999996,0.1,0.006777437691298645,0.044270833333333336,0.7771422090072166
Hotel B53,Catania,3.9,Standard,407,Business/Lavoro,90.0,0.725,0.5,0.08832531700918234,0.1640625,0.13401643918213493
Hotel C54,Verona,3.9,Standard,49,Relax/Vacanza,84.0,0.725,0.5,0.010056843025797988,0.1484375,0.8264813672853601
Hotel D55,Napoli,3.5,Budget/Motel,4322,Relax/Vacanza,38.0,0.625,0.1,0.9442501093135112,0.028645833333333332,0.8180561075878329
Hotel E56,Verona,4.6,Standard,86,Relax/Vacanza,123.0,0.8999999999999999,0.5,0.018146042850896372,0.25,0.8362428874386658
Hotel F57,Verona,4.6,Standard,161,Relax/Vacanza,97.0,0.8999999999999999,0.5,0.03454306952339309,0.18229166666666666,0.9247470655617198
Hotel G58,Napoli,3.7,Lusso/Resort,31,Relax/Vacanza,256.0,0.675,0.95,0.006121556624398776,0.5963541666666666,0.8067084442153378
Hotel H59,Napoli,4.3,Lusso/Resort,1149,Relax/Vacanza,266.0,0.825,0.95,0.2505465675557499,0.6223958333333334,0.898413917729574
Hotel I60,Genova,2.9,Standard,568,Relax/Vacanza,106.0,0.475,0.5,0.1235242675994753,0.20572916666666666,0.7658565114192097
Hotel J61,Bologna,3.4,Standard,211,Relax/Vacanza,59.0,0.6,0.5,0.045474420638390904,0.08333333333333333,0.8332557485007113
Hotel K62,Milano,2.9,Standard,29,Business/Lavoro,107.0,0.475,0.5,0.005684302579798863,0.20833333333333334,0.15813765325525028
Hotel L63,Verona,4.3,Budget/Motel,191,Business/Lavoro,61.0,0.825,0.1,0.041101880192391776,0.08854166666666667,0.1793111165679639
Hotel M64,Palermo,3.7,Standard,38,Business/Lavoro,86.0,0.675,0.5,0.00765194578049847,0.15364583333333334,0.18556132898964275
Hotel N65,Bologna,3.2,Standard,858,Business/Lavoro,77.0,0.55,0.5,0.18692610406646262,0.13020833333333334,0.18966736175999627
Hotel O66,Verona,4.4,Standard,391,Business/Lavoro,137.0,0.8500000000000001,0.5,0.08482728465238304,0.2864583333333333,0.13256374638757812
Hotel P67,Genova,1.7,Standard,166,Relax/Vacanza,105.0,0.175,0.5,0.03563620463489287,0.203125,0.8268824103667716
Hotel Q68,Venezia,2.4,Lusso/Resort,7,Relax/Vacanza,409.0,0.35,0.95,0.0008745080891998251,0.9947916666666666,0.8928987940628577
Hotel R69,Torino,4.0,Standard,45,Relax/Vacanza,109.0,0.75,0.5,0.009182334936598164,0.21354166666666666,0.8404347837559192
Hotel S70,Firenze,4.0,Lusso/Resort,338,Relax/Vacanza,320.0,0.75,0.95,0.07324005247048535,0.7630208333333334,0.7862156838331039
Hotel T71,Palermo,3.6,Standard,636,Business/Lavoro,99.0,0.65,0.5,0.13839090511587232,0.1875,0.09333563929982597
Hotel U72,Napoli,1.9,Budget/Motel,561,Relax/Vacanza,45.0,0.22499999999999998,0.1,0.1219938784433756,0.046875,0.8040273856999194
Hotel V73,Napoli,4.0,Lusso/Resort,21,Business/Lavoro,314.0,0.75,0.95,0.003935286401399213,0.7473958333333334,0.1748580372026882
Hotel W74,Verona,5.0,Lusso/Resort,213,Business/Lavoro,313.0,1.0,0.95,0.045911674682990816,0.7447916666666666,0.15712128680352827
Hotel X75,Napoli,4.1,Standard,502,Relax/Vacanza,76.0,0.7749999999999999,0.5,0.10909488412767818,0.12760416666666666,0.8845242677033884
Hotel Y76,Torino,3.5,Standard,20,Business/Lavoro,112.0,0.625,0.5,0.0037166593790992565,0.22135416666666666,0.12863736768317327
Hotel Z77,Torino,3.0,Standard,147,Relax/Vacanza,122.0,0.5,0.5,0.031482291211193704,0.24739583333333334,0.8579269845538356
Hotel A78,Venezia,3.1,Standard,206,Business/Lavoro,175.0,0.525,0.5,0.04438128552689112,0.3854166666666667,0.18127951969836684
Hotel B79,Milano,1.3,Budget/Motel,103,Relax/Vacanza,51.0,0.07500000000000001,0.1,0.021862702229995628,0.0625,0.834532673013988
Hotel C80,Bari,3.6,Standard,16,Relax/Vacanza,110.0,0.65,0.5,0.0028421512898994315,0.21614583333333334,0.8728387618778706
Hotel D81,Milano,4.1,Standard,100,Relax/Vacanza,150.0,0.7749999999999999,0.5,0.02120682116309576,0.3203125,0.8169037029466674
Hotel E82,Venezia,1.7,Budget/Motel,100,Relax/Vacanza,84.0,0.175,0.1,0.02120682116309576,0.1484375,0.8318473076717464
Hotel F83,Verona,3.5,Lusso/Resort,124,Relax/Vacanza,242.0,0.625,0.95,0.026453869698294708,0.5598958333333334,0.8309131053000836
Hotel G84,Milano,3.1,Lusso/Resort,75,Business/Lavoro,288.0,0.525,0.95,0.015741145605596852,0.6796875,0.09020801772054801
Hotel H85,Palermo,3.2,Lusso/Resort,87,Business/Lavoro,211.0,0.55,0.95,0.018364669873196328,0.4791666666666667,0.1743486240392791
Hotel I86,Verona,3.4,Standard,141,Relax/Vacanza,107.0,0.6,0.5,0.030170529077393964,0.20833333333333334,0.8265298829898637
Hotel J87,Palermo,1.7,Standard,252,Relax/Vacanza,81.0,0.175,0.5,0.05443812855268911,0.140625,0.8506247059363844
Hotel K88,Venezia,4.5,Lusso/Resort,102,Relax/Vacanza,206.0,0.875,0.95,0.021644075207695672,0.4661458333333333,0.8740373329452954
Hotel L89,Roma,4.0,Standard,90,Relax/Vacanza,118.0,0.75,0.5,0.019020550940096196,0.23697916666666666,0.8723265588014972
Hotel M90,Genova,3.8,Lusso/Resort,165,Business/Lavoro,261.0,0.7,0.95,0.03541757761259292,0.609375,0.1832692554486393
Hotel N91,Venezia,1.4,Standard,14,Relax/Vacanza,138.0,0.09999999999999998,0.5,0.002404897245299519,0.2890625,0.8450757257745288
Hotel O92,Bari,2.6,Standard,263,Relax/Vacanza,121.0,0.4,0.5,0.05684302579798863,0.24479166666666666,0.8288350843977923
Hotel P93,Firenze,4.4,Standard,148,Relax/Vacanza,127.0,0.8500000000000001,0.5,0.031700918233493657,0.2604166666666667,0.84601408945468
Hotel Q94,Milano,1.2,Standard,155,Relax/Vacanza,158.0,0.04999999999999999,0.5,0.03323130738959335,0.3411458333333333,0.7656332783020985
Hotel R95,Bari,3.1,Standard,470,Relax/Vacanza,97.0,0.525,0.5,0.10209881941407958,0.18229166666666666,0.7776443763788456
Hotel S96,Catania,2.5,Standard,14,Business/Lavoro,105.0,0.375,0.5,0.002404897245299519,0.203125,0.08386501938227987
Hotel T97,Genova,4.6,Lusso/Resort,13,Business/Lavoro,257.0,0.8999999999999999,0.95,0.0021862702229995625,0.5989583333333334,0.1001376586199259
Hotel U98,Bari,3.5,Lusso/Resort,206,Business/Lavoro,266.0,0.625,0.95,0.04438128552689112,0.6223958333333334,0.16998871133617183
Hotel V99,Firenze,3.3,Budget/Motel,147,Business/Lavoro,52.0,0.575,0.1,0.031482291211193704,0.06510416666666667,0.10472604723199695
Hotel W100,Genova,3.5,Budget/Motel,182,Relax/Vacanza,46.0,0.625,0.1,0.039134236991692176,0.049479166666666664,0.8310918722980305
Hotel X101,Verona,4.9,Standard,85,Business/Lavoro,122.0,0.9750000000000001,0.5,0.017927415828596416,0.24739583333333334,0.21496141488930326
Hotel Y102,Firenze,3.2,Standard,329,Business/Lavoro,121.0,0.55,0.5,0.07127240926978574,0.24479166666666666,0.1321868014469287
Hotel Z103,Milano,3.3,Budget/Motel,454,Business/Lavoro,57.0,0.575,0.1,0.09860078705728027,0.078125,0.18687577842335432
Hotel A104,Genova,1.8,Budget/Motel,265,Business/Lavoro,57.0,0.2,0.1,0.057280279842588544,0.078125,0.10331911599950613
Hotel B105,Venezia,4.4,Standard,108,Business/Lavoro,142.0,0.8500000000000001,0.5,0.022955837341495408,0.2994791666666667,0.1397281221066185
Hotel C106,Bari,2.8,Standard,11,Business/Lavoro,99.0,0.44999999999999996,0.5,0.0017490161783996502,0.1875,0.10249889725447092
Hotel D107,Milano,3.0,Standard,373,Relax/Vacanza,157.0,0.5,0.5,0.08089199825098382,0.3385416666666667,0.8330483462049718
Hotel E108,Venezia,4.0,Lusso/Resort,642,Business/Lavoro,411.0,0.75,0.95,0.13970266724967206,1.0,0.19201540687286978
Hotel F109,Venezia,1.7,Budget/Motel,321,Relax/Vacanza,61.0,0.175,0.1,0.0695233930913861,0.08854166666666667,0.7636339788403825
Hotel G110,Venezia,3.6,Standard,51,Relax/Vacanza,95.0,0.65,0.5,0.010494097070397902,0.17708333333333334,0.8717211821772929
Hotel H111,Verona,4.8,Lusso/Resort,333,Business/Lavoro,294.0,0.95,0.95,0.07214691735898557,0.6953125,0.1618867801166139
Hotel I112,Genova,3.6,Standard,416,Business/Lavoro,70.0,0.65,0.5,0.09029296020988194,0.11197916666666667,0.12029250221516027
Hotel J113,Genova,2.1,Standard,963,Business/Lavoro,128.0,0.275,0.5,0.20988194140795802,0.2630208333333333,0.07769710728057726
Hotel K114,Verona,3.9,Lusso/Resort,51,Relax/Vacanza,280.0,0.725,0.95,0.010494097070397902,0.6588541666666666,0.8536064753856935
Hotel L115,Firenze,3.6,Budget/Motel,113,Business/Lavoro,60.0,0.65,0.1,0.024048972452995192,0.0859375,0.12352536454680987
Hotel M116,Catania,1.5,Budget/Motel,363,Business/Lavoro,33.0,0.125,0.1,0.07870572802798426,0.015625,0.16163381056773518
Hotel N117,Bologna,2.5,Standard,158,Relax/Vacanza,84.0,0.375,0.5,0.033887188456493224,0.1484375,0.8510926072761721
Hotel O118,Bologna,4.1,Standard,38,Relax/Vacanza,114.0,0.7749999999999999,0.5,0.00765194578049847,0.2265625,0.9300889445660457
Hotel P119,Verona,3.6,Standard,244,Relax/Vacanza,115.0,0.65,0.5,0.052689112374289464,0.22916666666666666,0.8380322186263488
Hotel Q120,Bari,3.7,Standard,297,Business/Lavoro,87.0,0.675,0.5,0.06427634455618715,0.15625,0.09882512536890675
Hotel R121,Catania,4.9,Standard,164,Relax/Vacanza,95.0,0.9750000000000001,0.5,0.03519895059029296,0.17708333333333334,0.8589637817478157
Hotel S122,Bologna,4.4,Lusso/Resort,193,Business/Lavoro,368.0,0.8500000000000001,0.95,0.041539134236991695,0.8880208333333334,0.16099983419858827
Hotel T123,Palermo,3.9,Standard,108,Relax/Vacanza,105.0,0.725,0.5,0.022955837341495408,0.203125,0.9179593787620218
Hotel U124,Verona,5.0,Lusso/Resort,874,Business/Lavoro,316.0,1.0,0.95,0.19042413642326192,0.7526041666666666,0.19175556229572893
Hotel V125,Venezia,3.2,Standard,50,Relax/Vacanza,167.0,0.55,0.5,0.010275470048097944,0.3645833333333333,0.8678435529574754
Hotel W126,Venezia,2.8,Standard,73,Business/Lavoro,181.0,0.44999999999999996,0.5,0.01530389156099694,0.4010416666666667,0.22316514456097808
Hotel X127,Palermo,4.3,Lusso/Resort,150,Relax/Vacanza,215.0,0.825,0.95,0.032138172278093576,0.4895833333333333,0.7905618472838575
Hotel Y128,Roma,4.4,Lusso/Resort,426,Relax/Vacanza,207.0,0.8500000000000001,0.95,0.0924792304328815,0.46875,0.8180124233625126
Hotel Z129,Venezia,3.0,Standard,24,Business/Lavoro,144.0,0.5,0.5,0.004591167468299082,0.3046875,0.10367120292972375
Hotel A130,Verona,3.2,Lusso/Resort,30,Business/Lavoro,306.0,0.55,0.95,0.005902929602098819,0.7265625,0.1305095098422116
Hotel B131,Catania,4.8,Budget/Motel,12,Business/Lavoro,33.0,0.95,0.1,0.0019676432006996065,0.015625,0.08116569262218455
Hotel C132,Bologna,3.7,Standard,154,Relax/Vacanza,107.0,0.675,0.5,0.0330126803672934,0.20833333333333334,0.8817575473407202
Hotel D133,Napoli,2.8,Standard,38,Relax/Vacanza,89.0,0.44999999999999996,0.5,0.00765194578049847,0.16145833333333334,0.8388888651450613
Hotel E134,Torino,4.1,Standard,93,Relax/Vacanza,128.0,0.7749999999999999,0.5,0.019676432006996064,0.2630208333333333,0.7764596852748671
Hotel F135,Verona,3.9,Lusso/Resort,328,Relax/Vacanza,304.0,0.725,0.95,0.07105378224748579,0.7213541666666666,0.799221045939623
Hotel G136,Bologna,2.8,Budget/Motel,68,Business/Lavoro,49.0,0.44999999999999996,0.1,0.014210756449497158,0.057291666666666664,0.16567569237250976
Hotel H137,Roma,3.8,Standard,195,Business/Lavoro,138.0,0.7,0.5,0.04197638828159161,0.2890625,0.19190632839471905
Hotel I138,Bologna,2.0,Budget/Motel,103,Business/Lavoro,45.0,0.25,0.1,0.021862702229995628,0.046875,0.24983654458458932
Hotel J139,Napoli,4.3,Lusso/Resort,332,Business/Lavoro,241.0,0.825,0.95,0.07192829033668562,0.5572916666666666,0.29569312330036646
Hotel K140,Verona,4.9,Standard,262,Business/Lavoro,95.0,0.9750000000000001,0.5,0.05662439877568867,0.17708333333333334,0.1707204716637998
Hotel L141,Genova,3.8,Standard,64,Business/Lavoro,70.0,0.7,0.5,0.013336248360297332,0.11197916666666667,0.10052309399840678
Hotel M142,Catania,2.7,Budget/Motel,121,Relax/Vacanza,39.0,0.42500000000000004,0.1,0.02579798863139484,0.03125,0.7433976859634345
Hotel N143,Palermo,3.0,Standard,519,Relax/Vacanza,98.0,0.5,0.5,0.11281154350677744,0.18489583333333334,0.8633855731171918
Hotel O144,Napoli,3.1,Standard,237,Business/Lavoro,117.0,0.525,0.5,0.05115872321818977,0.234375,0.10935294523448369
Hotel P145,Torino,3.2,Standard,27,Business/Lavoro,129.0,0.55,0.5,0.005247048535198951,0.265625,0.1292321369910157
Hotel Q146,Firenze,3.1,Standard,325,Relax/Vacanza,156.0,0.525,0.5,0.07039790118058592,0.3359375,0.8193951600470095
Hotel R147,Catania,4.1,Standard,40,Relax/Vacanza,80.0,0.7749999999999999,0.5,0.008089199825098382,0.13802083333333334,0.8429604556791808
Hotel S148,Genova,2.0,Standard,808,Business/Lavoro,99.0,0.25,0.5,0.1759947529514648,0.1875,0.20329901153938218
Hotel T149,Genova,4.7,Lusso/Resort,507,Relax/Vacanza,265.0,0.925,0.95,0.11018801923917797,0.6197916666666666,0.8578524283722672
Hotel U150,Venezia,2.7,Budget/Motel,210,Relax/Vacanza,84.0,0.42500000000000004,0.1,0.04525579361609095,0.1484375,0.8420682581480655
Hotel V151,Venezia,3.3,Budget/Motel,179,Business/Lavoro,74.0,0.575,0.1,0.038478355924792304,0.12239583333333333,0.09821731235870941
Hotel W152,Genova,3.1,Lusso/Resort,115,Business/Lavoro,288.0,0.525,0.95,0.024486226497595104,0.6796875,0.06626585276478214
Hotel X153,Bologna,4.5,Standard,335,Relax/Vacanza,104.0,0.875,0.5,0.07258417140358549,0.20052083333333334,0.8256846045463334
Hotel Y154,Verona,5.0,Lusso/Resort,95,Business/Lavoro,237.0,1.0,0.95,0.020113686051595976,0.546875,0.14731087245908397
Hotel Z155,Torino,4.2,Standard,196,Relax/Vacanza,117.0,0.8,0.5,0.04219501530389156,0.234375,0.9383964956789941
Hotel A156,Torino,2.2,Standard,422,Business/Lavoro,87.0,0.30000000000000004,0.5,0.09160472234368168,0.15625,0.15651372607364428
Hotel B157,Palermo,4.1,Standard,75,Relax/Vacanza,90.0,0.7749999999999999,0.5,0.015741145605596852,0.1640625,0.8991369755511529
Hotel C158,Bari,3.7,Standard,70,Relax/Vacanza,92.0,0.675,0.5,0.01464801049409707,0.16927083333333334,0.8250352200730424
Hotel D159,Napoli,1.7,Budget/Motel,35,Relax/Vacanza,50.0,0.175,0.1,0.006996064713598601,0.059895833333333336,0.7907528116791488
Hotel E160,Bari,4.0,Lusso/Resort,41,Relax/Vacanza,209.0,0.75,0.95,0.008307826847398338,0.4739583333333333,0.8017441618883814
Hotel F161,Firenze,3.3,Budget/Motel,16,Business/Lavoro,33.0,0.575,0.1,0.0028421512898994315,0.015625,0.11373869677321233
Hotel G162,Napoli,4.4,Lusso/Resort,356,Relax/Vacanza,252.0,0.8500000000000001,0.95,0.07717533887188456,0.5859375,0.9564234866217582
Hotel H163,Genova,4.1,Lusso/Resort,1300,Relax/Vacanza,221.0,0.7749999999999999,0.95,0.28355924792304327,0.5052083333333334,0.8089306660387807
Hotel I164,Catania,3.6,Standard,820,Relax/Vacanza,94.0,0.65,0.5,0.1786182772190643,0.17447916666666666,0.8919244601868173
Hotel J165,Catania,4.6,Standard,21,Business/Lavoro,92.0,0.8999999999999999,0.5,0.003935286401399213,0.16927083333333334,0.10485364109564868
Hotel K166,Venezia,4.0,Budget/Motel,354,Business/Lavoro,58.0,0.75,0.1,0.07673808482728466,0.08072916666666667,0.19657865064371222
Hotel L167,Genova,1.0,Budget/Motel,817,Business/Lavoro,48.0,0.0,0.1,0.17796239615216441,0.0546875,0.16924754830529315
Hotel M168,Catania,3.1,Standard,85,Relax/Vacanza,72.0,0.525,0.5,0.017927415828596416,0.1171875,0.8421681051170955
Hotel N169,Catania,2.9,Budget/Motel,167,Relax/Vacanza,35.0,0.475,0.1,0.03585483165719283,0.020833333333333332,0.8479618736932283
Hotel O170,Roma,2.0,Standard,13,Relax/Vacanza,139.0,0.25,0.5,0.0021862702229995625,0.2916666666666667,0.8172606152285304
Hotel P171,Verona,3.5,Standard,204,Relax/Vacanza,105.0,0.625,0.5,0.04394403148229121,0.203125,0.872303610074104
Hotel Q172,Catania,4.4,Standard,41,Business/Lavoro,71.0,0.8500000000000001,0.5,0.008307826847398338,0.11458333333333333,0.127250825982961
Hotel R173,Bari,2.1,Budget/Motel,188,Business/Lavoro,42.0,0.275,0.1,0.04044599912549191,0.0390625,0.08871971181163758
Hotel S174,Firenze,4.3,Lusso/Resort,22,Relax/Vacanza,349.0,0.825,0.95,0.004153913423699169,0.8385416666666666,0.786103121284019
Hotel T175,Bari,3.3,Lusso/Resort,284,Relax/Vacanza,220.0,0.575,0.95,0.06143419326628771,0.5026041666666666,0.858629395886106
Hotel U176,Milano,2.9,Standard,507,Business/Lavoro,93.0,0.475,0.5,0.11018801923917797,0.171875,0.22895456282052173
Hotel V177,Torino,4.2,Budget/Motel,57,Relax/Vacanza,47.0,0.8,0.1,0.011805859204197638,0.052083333333333336,0.8579995806786719
Hotel W178,Palermo,2.6,Budget/Motel,37,Relax/Vacanza,29.0,0.4,0.1,0.007433318758198513,0.005208333333333333,0.8440680836945058
Hotel X179,Torino,3.8,Standard,11,Relax/Vacanza,109.0,0.7,0.5,0.0017490161783996502,0.21354166666666666,0.8642913069801271
Hotel Y180,Verona,1.5,Budget/Motel,107,Relax/Vacanza,41.0,0.125,0.1,0.022737210319195452,0.036458333333333336,0.9153000870853412
Hotel Z181,Firenze,4.5,Budget/Motel,73,Relax/Vacanza,43.0,0.875,0.1,0.01530389156099694,0.041666666666666664,0.8609691250681928
Hotel A182,Palermo,3.9,Standard,23,Relax/Vacanza,87.0,0.725,0.5,0.004372540445999125,0.15625,0.8294536384583131
Hotel B183,Palermo,3.3,Standard,255,Relax/Vacanza,91.0,0.575,0.5,0.055094009619588984,0.16666666666666666,0.9053144355029944
Hotel C184,Palermo,3.5,Budget/Motel,86,Business/Lavoro,35.0,0.625,0.1,0.018146042850896372,0.020833333333333332,0.17143782192308066
Hotel D185,Venezia,2.3,Standard,40,Relax/Vacanza,162.0,0.32499999999999996,0.5,0.008089199825098382,0.3515625,0.9267877995997996
Hotel E186,Venezia,4.3,Standard,76,Relax/Vacanza,139.0,0.825,0.5,0.015959772627896808,0.2916666666666667,0.8591617218610953
Hotel F187,Venezia,3.7,Lusso/Resort,536,Business/Lavoro,403.0,0.675,0.95,0.11652820288587669,0.9791666666666666,0.08877654841397498
Hotel G188,Torino,3.2,Standard,305,Business/Lavoro,109.0,0.55,0.5,0.0660253607345868,0.21354166666666666,0.08159204003771674
Hotel H189,Palermo,3.0,Standard,126,Relax/Vacanza,84.0,0.5,0.5,0.02689112374289462,0.1484375,0.9325463966115625
Hotel I190,Napoli,2.5,Budget/Motel,311,Relax/Vacanza,35.0,0.375,0.1,0.06733712286838653,0.020833333333333332,0.9361832860391648
Hotel J191,Napoli,4.6,Lusso/Resort,36,Business/Lavoro,176.0,0.8999999999999999,0.95,0.007214691735898557,0.3880208333333333,0.14102403933586996
Hotel K192,Venezia,4.2,Lusso/Resort,154,Relax/Vacanza,366.0,0.8,0.95,0.0330126803672934,0.8828125,0.8308406339432006
Hotel L193,Firenze,3.5,Budget/Motel,177,Relax/Vacanza,49.0,0.625,0.1,0.03804110188019239,0.057291666666666664,0.9230722146121101
Hotel M194,Palermo,4.0,Lusso/Resort,84,Business/Lavoro,142.0,0.75,0.95,0.01770878880629646,0.2994791666666667,0.09464771589782559
Hotel N195,Bari,4.4,Lusso/Resort,250,Relax/Vacanza,203.0,0.8500000000000001,0.95,0.0540008745080892,0.4583333333333333,0.8052636490522087
Hotel O196,Venezia,3.1,Standard,58,Business/Lavoro,128.0,0.525,0.5,0.012024486226497596,0.2630208333333333,0.18216633973445223
Hotel P197,Genova,4.8,Budget/Motel,273,Relax/Vacanza,53.0,0.95,0.1,0.05902929602098819,0.06770833333333333,0.8302697438570205
Hotel Q198,Bologna,2.7,Lusso/Resort,287,Business/Lavoro,194.0,0.42500000000000004,0.95,0.062090074333187584,0.4348958333333333,0.14974390666399642
Hotel R199,Firenze,4.4,Standard,4,Relax/Vacanza,99.0,0.8500000000000001,0.5,0.00021862702229995628,0.1875,0.8418278550737743
Hotel S200,Napoli,4.1,Budget/Motel,619,Relax/Vacanza,47.0,0.7749999999999999,0.1,0.13467424573677306,0.052083333333333336,0.8668787274399467
Hotel T201,Roma,2.3,Budget/Motel,3,Relax/Vacanza,62.0,0.32499999999999996,0.1,0.0,0.09114583333333333,0.9203740930656858
Hotel U202,Roma,5.0,Standard,70,Relax/Vacanza,112.0,1.0,0.5,0.01464801049409707,0.22135416666666666,0.8545292453450872
Hotel V203,Napoli,4.8,Lusso/Resort,507,Business/Lavoro,212.0,0.95,0.95,0.11018801923917797,0.4817708333333333,0.1821969396638429
Hotel W204,Torino,4.8,Lusso/Resort,101,Relax/Vacanza,270.0,0.95,0.95,0.021425448185395716,0.6328125,0.7474913949484489
Hotel X205,Bari,4.0,Lusso/Resort,25,Relax/Vacanza,144.0,0.75,0.95,0.004809794490599038,0.3046875,0.847564079903494
Hotel Y206,Milano,3.8,Lusso/Resort,39,Business/Lavoro,225.0,0.7,0.95,0.007870572802798426,0.515625,0.10783848648535643
Hotel Z207,Genova,3.2,Standard,508,Business/Lavoro,100.0,0.55,0.5,0.11040664626147792,0.19010416666666666,0.0890593469788186
Hotel A208,Firenze,4.3,Lusso/Resort,14,Relax/Vacanza,369.0,0.825,0.95,0.002404897245299519,0.890625,0.8060923816535625
Hotel B209,Milano,4.5,Standard,575,Relax/Vacanza,123.0,0.875,0.5,0.12505465675557498,0.25,0.8332938279649593
Hotel C210,Verona,3.5,Standard,138,Business/Lavoro,117.0,0.625,0.5,0.029514648010494096,0.234375,0.19579512711780064
Hotel D211,Bari,2.7,Standard,35,Business/Lavoro,109.0,0.42500000000000004,0.5,0.006996064713598601,0.21354166666666666,0.0836803641130218
Hotel E212,Palermo,4.7,Lusso/Resort,73,Business/Lavoro,291.0,0.925,0.95,0.01530389156099694,0.6875,0.15153157462972086
Hotel F213,Milano,3.7,Budget/Motel,43,Business/Lavoro,49.0,0.675,0.1,0.00874508089199825,0.057291666666666664,0.12579152833332108
Hotel G214,Milano,3.9,Standard,419,Business/Lavoro,132.0,0.725,0.5,0.09094884127678181,0.2734375,0.13361634528190194
Hotel H215,Napoli,4.0,Standard,357,Relax/Vacanza,126.0,0.75,0.5,0.07739396589418453,0.2578125,0.9001378912652301
Hotel I216,Torino,3.8,Lusso/Resort,18,Relax/Vacanza,191.0,0.7,0.95,0.003279405334499344,0.4270833333333333,0.8769057718501962
Hotel J217,Catania,3.3,Lusso/Resort,91,Relax/Vacanza,255.0,0.575,0.95,0.019239177962396152,0.59375,0.9168699053721372
Hotel K218,Venezia,2.3,Budget/Motel,52,Business/Lavoro,51.0,0.32499999999999996,0.1,0.010712724092697858,0.0625,0.14227471603750497
Hotel L219,Firenze,2.1,Standard,700,Business/Lavoro,128.0,0.275,0.5,0.15238303454306953,0.2630208333333333,0.11520286941646485
Hotel M220,Catania,3.6,Standard,29,Relax/Vacanza,90.0,0.65,0.5,0.005684302579798863,0.1640625,0.838807059155975
Hotel N221,Milano,3.3,Standard,1017,Relax/Vacanza,113.0,0.575,0.5,0.22168780061215565,0.22395833333333334,0.862124839563561
Hotel O222,Roma,3.0,Standard,142,Relax/Vacanza,108.0,0.5,0.5,0.030389156099693924,0.2109375,0.8588286679226855
Hotel P223,Torino,1.0,Budget/Motel,36,Business/Lavoro,45.0,0.0,0.1,0.007214691735898557,0.046875,0.09578059638833167
Hotel Q224,Napoli,2.4,Standard,65,Relax/Vacanza,114.0,0.35,0.5,0.01355487538259729,0.2265625,0.8545244890813937
Hotel R225,Palermo,3.9,Budget/Motel,56,Relax/Vacanza,38.0,0.725,0.1,0.011587232181897682,0.028645833333333332,0.8614114165069452
Hotel S226,Genova,3.5,Lusso/Resort,32,Relax/Vacanza,250.0,0.625,0.95,0.006340183646698732,0.5807291666666666,0.975873701876696
Hotel T227,Catania,3.7,Standard,166,Relax/Vacanza,102.0,0.675,0.5,0.03563620463489287,0.1953125,0.9438422305640835
Hotel U228,Venezia,2.3,Standard,34,Relax/Vacanza,127.0,0.32499999999999996,0.5,0.006777437691298645,0.2604166666666667,0.8073378324720589
Hotel V229,Catania,5.0,Lusso/Resort,10,Relax/Vacanza,246.0,1.0,0.95,0.001530389156099694,0.5703125,0.8356308319225412
Hotel W230,Palermo,3.9,Lusso/Resort,94,Relax/Vacanza,248.0,0.725,0.95,0.01989505902929602,0.5755208333333334,0.7768278999081498
Hotel X231,Roma,3.6,Standard,17,Relax/Vacanza,176.0,0.65,0.5,0.003060778312199388,0.3880208333333333,0.8204646493018256
Hotel Y232,Catania,4.9,Budget/Motel,60,Relax/Vacanza,36.0,0.9750000000000001,0.1,0.012461740271097508,0.0234375,0.865780250179517
Hotel Z233,Milano,4.6,Standard,49,Relax/Vacanza,123.0,0.8999999999999999,0.5,0.010056843025797988,0.25,0.9102926810444116
Hotel A234,Palermo,2.8,Budget/Motel,52,Relax/Vacanza,43.0,0.44999999999999996,0.1,0.010712724092697858,0.041666666666666664,0.8135458081128195
Hotel B235,Bari,2.5,Budget/Motel,1637,Business/Lavoro,43.0,0.375,0.1,0.3572365544381286,0.041666666666666664,0.11729267799661017
Hotel C236,Firenze,3.1,Standard,158,Relax/Vacanza,116.0,0.525,0.5,0.033887188456493224,0.23177083333333334,0.7426355485130672
Hotel D237,Venezia,3.4,Budget/Motel,199,Relax/Vacanza,57.0,0.6,0.1,0.04285089637079143,0.078125,0.8418667039727546
Hotel E238,Torino,3.9,Lusso/Resort,17,Relax/Vacanza,267.0,0.725,0.95,0.003060778312199388,0.625,0.7968792794070219
Hotel F239,Genova,3.7,Lusso/Resort,67,Relax/Vacanza,216.0,0.675,0.95,0.013992129427197202,0.4921875,0.8235280286316963
Hotel G240,Firenze,4.2,Budget/Motel,192,Relax/Vacanza,49.0,0.8,0.1,0.041320507214691736,0.057291666666666664,0.8061569610916206
Hotel H241,Palermo,2.9,Budget/Motel,43,Relax/Vacanza,39.0,0.475,0.1,0.00874508089199825,0.03125,0.8452868722873721
Hotel I242,Torino,5.0,Lusso/Resort,441,Business/Lavoro,284.0,1.0,0.95,0.09575863576738085,0.6692708333333334,0.06211358043216843
Hotel J243,Milano,3.5,Standard,35,Relax/Vacanza,120.0,0.625,0.5,0.006996064713598601,0.2421875,0.7766477377304505
Hotel K244,Verona,4.8,Standard,105,Relax/Vacanza,84.0,0.95,0.5,0.02229995627459554,0.1484375,0.9564623556014149
Hotel L245,Bari,3.3,Budget/Motel,73,Relax/Vacanza,27.0,0.575,0.1,0.01530389156099694,0.0,0.7856288709362984
Hotel M246,Bologna,4.2,Standard,180,Relax/Vacanza,89.0,0.8,0.5,0.038696982947092264,0.16145833333333334,0.795160721077268
Hotel N247,Firenze,2.8,Standard,68,Relax/Vacanza,102.0,0.44999999999999996,0.5,0.014210756449497158,0.1953125,0.9418456764160656
Hotel O248,Milano,2.7,Standard,107,Business/Lavoro,129.0,0.42500000000000004,0.5,0.022737210319195452,0.265625,0.29525335846202033
Hotel P249,Torino,3.8,Standard,111,Business/Lavoro,86.0,0.7,0.5,0.023611718408395276,0.15364583333333334,0.0914216685587329
Hotel Q250,Bologna,4.2,Standard,61,Relax/Vacanza,98.0,0.8,0.5,0.012680367293397464,0.18489583333333334,0.8315875521605984
Hotel R251,Bologna,3.0,Budget/Motel,265,Relax/Vacanza,40.0,0.5,0.1,0.057280279842588544,0.033854166666666664,0.8670777775470254
Hotel S252,Firenze,2.4,Standard,197,Relax/Vacanza,118.0,0.35,0.5,0.04241364232619152,0.23697916666666666,0.9364348822202796
Hotel T253,Bologna,2.9,Lusso/Resort,133,Relax/Vacanza,312.0,0.475,0.95,0.028421512898994316,0.7421875,0.8006571460785881
Hotel U254,Venezia,2.9,Lusso/Resort,88,Business/Lavoro,386.0,0.475,0.95,0.018583296895496284,0.9348958333333334,0.13773610770289452
Hotel V255,Verona,2.0,Standard,386,Relax/Vacanza,116.0,0.25,0.5,0.08373414954088325,0.23177083333333334,0.8888668788030871
Hotel W256,Bari,3.1,Budget/Motel,111,Relax/Vacanza,36.0,0.525,0.1,0.023611718408395276,0.0234375,0.8717383037233309
Hotel X257,Palermo,4.9,Lusso/Resort,102,Business/Lavoro,207.0,0.9750000000000001,0.95,0.021644075207695672,0.46875,0.13119219643849503
Hotel Y258,Roma,4.0,Lusso/Resort,168,Relax/Vacanza,314.0,0.75,0.95,0.036073458679492784,0.7473958333333334,0.8433088517741979
Hotel Z259,Catania,1.6,Standard,1136,Relax/Vacanza,102.0,0.15000000000000002,0.5,0.24770441626585046,0.1953125,0.7812552095815009
Hotel A260,Roma,3.8,Lusso/Resort,29,Business/Lavoro,258.0,0.7,0.95,0.005684302579798863,0.6015625,0.13809131280126674
Hotel B261,Catania,2.9,Budget/Motel,373,Relax/Vacanza,38.0,0.475,0.1,0.08089199825098382,0.028645833333333332,0.8366806254995522
Hotel C262,Roma,5.0,Standard,15,Relax/Vacanza,88.0,1.0,0.5,0.0026235242675994755,0.15885416666666666,0.8616084944813128
Hotel D263,Bologna,2.8,Lusso/Resort,192,Relax/Vacanza,268.0,0.44999999999999996,0.95,0.041320507214691736,0.6276041666666666,0.8222336390590492
Hotel E264,Milano,2.7,Budget/Motel,982,Business/Lavoro,60.0,0.42500000000000004,0.1,0.21403585483165719,0.0859375,0.17357692612725695
Hotel F265,Milano,5.0,Lusso/Resort,266,Relax/Vacanza,299.0,1.0,0.95,0.057498906864888503,0.7083333333333334,0.9006357908909914
Hotel G266,Verona,3.8,Standard,182,Relax/Vacanza,147.0,0.7,0.5,0.039134236991692176,0.3125,0.8577714663834233
Hotel H267,Verona,4.5,Lusso/Resort,75,Relax/Vacanza,237.0,0.875,0.95,0.015741145605596852,0.546875,0.8675878204199602
Hotel I268,Milano,4.1,Lusso/Resort,154,Relax/Vacanza,322.0,0.7749999999999999,0.95,0.0330126803672934,0.7682291666666666,0.8526577673788933
Hotel J269,Catania,4.3,Lusso/Resort,109,Business/Lavoro,220.0,0.825,0.95,0.023174464363795364,0.5026041666666666,0.1500042196545707
Hotel K270,Venezia,4.6,Lusso/Resort,57,Relax/Vacanza,346.0,0.8999999999999999,0.95,0.011805859204197638,0.8307291666666666,0.8139220983228576
Hotel L271,Venezia,3.4,Lusso/Resort,104,Relax/Vacanza,345.0,0.6,0.95,0.022081329252295584,0.828125,0.8658247130836654
Hotel M272,Venezia,4.7,Lusso/Resort,188,Relax/Vacanza,357.0,0.925,0.95,0.04044599912549191,0.859375,0.8451356700793256
Hotel N273,Torino,2.3,Standard,59,Business/Lavoro,118.0,0.32499999999999996,0.5,0.012243113248797552,0.23697916666666666,0.25465841544652973
Hotel O274,Firenze,3.7,Standard,56,Relax/Vacanza,153.0,0.675,0.5,0.011587232181897682,0.328125,0.9286677451237622
Hotel P275,Torino,3.5,Standard,29,Business/Lavoro,104.0,0.625,0.5,0.005684302579798863,0.20052083333333334,0.16929232762782503
Hotel Q276,Firenze,2.9,Standard,237,Business/Lavoro,142.0,0.475,0.5,0.05115872321818977,0.2994791666666667,0.11184713951526162
Hotel R277,Roma,3.4,Standard,285,Relax/Vacanza,113.0,0.6,0.5,0.06165282028858767,0.22395833333333334,0.794379426400829
Hotel S278,Napoli,2.5,Budget/Motel,195,Business/Lavoro,45.0,0.375,0.1,0.04197638828159161,0.046875,0.20955714765444325
Hotel T279,Verona,2.1,Budget/Motel,472,Business/Lavoro,42.0,0.275,0.1,0.10253607345867949,0.0390625,0.16313746125735692
Hotel U280,Bari,3.7,Lusso/Resort,164,Relax/Vacanza,257.0,0.675,0.95,0.03519895059029296,0.5989583333333334,0.8740071701695805
Hotel V281,Napoli,3.1,Lusso/Resort,237,Business/Lavoro,312.0,0.525,0.95,0.05115872321818977,0.7421875,0.06277070065129035
Hotel W282,Venezia,4.3,Lusso/Resort,213,Relax/Vacanza,345.0,0.825,0.95,0.045911674682990816,0.828125,0.896371924077909
Hotel X283,Bari,3.1,Lusso/Resort,132,Business/Lavoro,148.0,0.525,0.95,0.02820288587669436,0.3151041666666667,0.17272101691071814
Hotel Y284,Verona,4.0,Standard,78,Business/Lavoro,106.0,0.75,0.5,0.01639702667249672,0.20572916666666666,0.0944784657792761
Hotel Z285,Bari,2.5,Standard,2115,Relax/Vacanza,111.0,0.375,0.5,0.46174027109750765,0.21875,0.8264237596275026
Hotel A286,Genova,3.5,Lusso/Resort,86,Business/Lavoro,267.0,0.625,0.95,0.018146042850896372,0.625,0.16318586021782597
Hotel B287,Bari,2.9,Standard,66,Relax/Vacanza,97.0,0.475,0.5,0.013773502404897246,0.18229166666666666,0.8526233399178121
Hotel C288,Catania,4.5,Standard,249,Business/Lavoro,108.0,0.875,0.5,0.05378224748578924,0.2109375,0.13539144070982223
Hotel D289,Napoli,4.3,Lusso/Resort,200,Business/Lavoro,251.0,0.825,0.95,0.043069523393091384,0.5833333333333334,0.14482558659670194
Hotel E290,Napoli,2.8,Budget/Motel,27,Relax/Vacanza,48.0,0.44999999999999996,0.1,0.005247048535198951,0.0546875,0.8374011310896557
Hotel F291,Venezia,4.4,Lusso/Resort,570,Relax/Vacanza,399.0,0.8500000000000001,0.95,0.1239615216440752,0.96875,0.8576281256051234
Hotel G292,Firenze,1.3,Budget/Motel,132,Relax/Vacanza,64.0,0.07500000000000001,0.1,0.02820288587669436,0.09635416666666667,0.9235745986496579
Hotel H293,Verona,4.0,Lusso/Resort,39,Relax/Vacanza,288.0,0.75,0.95,0.007870572802798426,0.6796875,0.7216670779534351
Hotel I294,Verona,4.6,Budget/Motel,618,Relax/Vacanza,54.0,0.8999999999999999,0.1,0.13445561871447312,0.0703125,0.8381574867745157
Hotel J295,Bari,3.1,Budget/Motel,314,Relax/Vacanza,36.0,0.525,0.1,0.0679930039352864,0.0234375,0.8588256210686224
Hotel K296,Firenze,3.1,Budget/Motel,32,Relax/Vacanza,47.0,0.525,0.1,0.006340183646698732,0.052083333333333336,0.864799699484355
Hotel L297,Torino,3.4,Budget/Motel,1252,Relax/Vacanza,54.0,0.6,0.1,0.2730651508526454,0.0703125,0.8314042709339355
Hotel M298,Firenze,3.7,Budget/Motel,327,Business/Lavoro,53.0,0.675,0.1,0.07083515522518584,0.06770833333333333,0.06216391087607086
Hotel N299,Genova,1.8,Standard,146,Business/Lavoro,117.0,0.2,0.5,0.031263664188893744,0.234375,0.16639977418570548
Hotel O300,Venezia,1.7,Budget/Motel,1000,Business/Lavoro,62.0,0.175,0.1,0.21797114123305641,0.09114583333333333,0.23636751070820924
Hotel P301,Milano,4.2,Lusso/Resort,179,Relax/Vacanza,285.0,0.8,0.95,0.038478355924792304,0.671875,0.7733069297541931
Hotel Q302,Bologna,2.8,Standard,143,Business/Lavoro,110.0,0.44999999999999996,0.5,0.03060778312199388,0.21614583333333334,0.19319140068490942
Hotel R303,Genova,4.4,Standard,67,Relax/Vacanza,127.0,0.8500000000000001,0.5,0.013992129427197202,0.2604166666666667,0.8335737388438553
Hotel S304,Genova,2.7,Budget/Motel,298,Relax/Vacanza,46.0,0.42500000000000004,0.1,0.0644949715784871,0.049479166666666664,0.8469337827085576
Hotel T305,Milano,1.9,Standard,262,Relax/Vacanza,98.0,0.22499999999999998,0.5,0.05662439877568867,0.18489583333333334,0.7973550744648026
Hotel U306,Venezia,2.4,Standard,151,Business/Lavoro,144.0,0.35,0.5,0.03235679930039353,0.3046875,0.13327719138220617
Hotel V307,Milano,1.2,Standard,57,Relax/Vacanza,167.0,0.04999999999999999,0.5,0.011805859204197638,0.3645833333333333,0.9150022297349479
Hotel W308,Venezia,3.2,Standard,173,Relax/Vacanza,144.0,0.55,0.5,0.03716659379099257,0.3046875,0.8791327620993853
Hotel X309,Bologna,3.8,Lusso/Resort,136,Business/Lavoro,190.0,0.7,0.95,0.029077393965894184,0.4244791666666667,0.2366155802704972
Hotel Y310,Venezia,3.1,Standard,29,Relax/Vacanza,191.0,0.525,0.5,0.005684302579798863,0.4270833333333333,0.9088705944488846
Hotel Z311,Roma,4.3,Standard,25,Relax/Vacanza,139.0,0.825,0.5,0.004809794490599038,0.2916666666666667,0.8719543339464788
Hotel A312,Bologna,5.0,Lusso/Resort,292,Business/Lavoro,257.0,1.0,0.95,0.06318320944468736,0.5989583333333334,0.23719672630838962
Hotel B313,Roma,3.3,Standard,6,Relax/Vacanza,119.0,0.575,0.5,0.0006558810668998689,0.23958333333333334,0.8719496579369149
Hotel C314,Firenze,1.7,Standard,189,Relax/Vacanza,147.0,0.175,0.5,0.040664626147791864,0.3125,0.8913994088398529
Hotel D315,Roma,3.9,Standard,83,Business/Lavoro,116.0,0.725,0.5,0.0174901617839965,0.23177083333333334,0.13517145232326458
Hotel E316,Milano,3.8,Standard,713,Business/Lavoro,155.0,0.7,0.5,0.15522518583296896,0.3333333333333333,0.15332729079296023
Hotel F317,Torino,3.6,Standard,82,Relax/Vacanza,113.0,0.65,0.5,0.017271534761696544,0.22395833333333334,0.8151288088349862
Hotel G318,Genova,4.2,Standard,327,Business/Lavoro,108.0,0.8,0.5,0.07083515522518584,0.2109375,0.19947919672974265
Hotel H319,Bari,2.1,Budget/Motel,92,Relax/Vacanza,39.0,0.275,0.1,0.019457804984696108,0.03125,0.7910848188442567
Hotel I320,Milano,4.6,Budget/Motel,170,Relax/Vacanza,53.0,0.8999999999999999,0.1,0.036510712724092696,0.06770833333333333,0.889117517120883
Hotel J321,Roma,2.6,Standard,359,Relax/Vacanza,146.0,0.4,0.5,0.07783121993878443,0.3098958333333333,0.840467447124742
Hotel K322,Napoli,4.0,Standard,85,Relax/Vacanza,86.0,0.75,0.5,0.017927415828596416,0.15364583333333334,0.908562354673366
Hotel L323,Palermo,2.1,Standard,490,Business/Lavoro,71.0,0.275,0.5,0.1064713598600787,0.11458333333333333,0.18754344943656298
Hotel M324,Verona,2.3,Budget/Motel,45,Business/Lavoro,52.0,0.32499999999999996,0.1,0.009182334936598164,0.06510416666666667,0.2410323078823401
Hotel N325,Bari,4.6,Standard,211,Relax/Vacanza,102.0,0.8999999999999999,0.5,0.045474420638390904,0.1953125,0.8865387345569322
Hotel O326,Napoli,2.8,Budget/Motel,449,Relax/Vacanza,43.0,0.44999999999999996,0.1,0.0975076519457805,0.041666666666666664,0.771397987217338
Hotel P327,Firenze,4.1,Standard,327,Relax/Vacanza,134.0,0.7749999999999999,0.5,0.07083515522518584,0.2786458333333333,0.8466523413550899
Hotel Q328,Roma,3.6,Standard,1479,Business/Lavoro,120.0,0.65,0.5,0.3226934849147355,0.2421875,0.09139964037025919
Hotel R329,Milano,3.3,Standard,59,Relax/Vacanza,148.0,0.575,0.5,0.012243113248797552,0.3151041666666667,0.8240860078816863
Hotel S330,Roma,4.5,Standard,28,Business/Lavoro,126.0,0.875,0.5,0.005465675557498907,0.2578125,0.22556142166383608
Hotel T331,Genova,3.8,Lusso/Resort,45,Relax/Vacanza,229.0,0.7,0.95,0.009182334936598164,0.5260416666666666,0.8818766905448848
Hotel U332,Venezia,2.0,Standard,327,Relax/Vacanza,142.0,0.25,0.5,0.07083515522518584,0.2994791666666667,0.8150534785710627
Hotel V333,Bari,2.4,Budget/Motel,269,Business/Lavoro,50.0,0.35,0.1,0.05815478793178837,0.059895833333333336,0.09931413167798005
Hotel W334,Bologna,4.4,Lusso/Resort,167,Business/Lavoro,192.0,0.8500000000000001,0.95,0.03585483165719283,0.4296875,0.15163910464381303
Hotel X335,Bologna,3.7,Standard,38,Relax/Vacanza,118.0,0.675,0.5,0.00765194578049847,0.23697916666666666,0.7891719925309436
Hotel Y336,Torino,2.7,Lusso/Resort,372,Business/Lavoro,185.0,0.42500000000000004,0.95,0.08067337122868387,0.4114583333333333,0.11644298613017093
Hotel Z337,Bari,2.8,Standard,34,Business/Lavoro,92.0,0.44999999999999996,0.5,0.006777437691298645,0.16927083333333334,0.1656004735775622
Hotel A338,Roma,3.5,Lusso/Resort,596,Relax/Vacanza,280.0,0.625,0.95,0.12964582422387408,0.6588541666666666,0.9077656018053348
Hotel B339,Milano,2.7,Budget/Motel,4577,Relax/Vacanza,37.0,0.42500000000000004,0.1,1.0,0.026041666666666668,0.880438073611222
Hotel C340,Torino,2.9,Lusso/Resort,230,Relax/Vacanza,261.0,0.475,0.95,0.04962833406209007,0.609375,0.735435524570095
Hotel D341,Napoli,2.5,Budget/Motel,298,Business/Lavoro,38.0,0.375,0.1,0.0644949715784871,0.028645833333333332,0.165218336451513
Hotel E342,Bologna,2.4,Budget/Motel,82,Relax/Vacanza,31.0,0.35,0.1,0.017271534761696544,0.010416666666666666,0.8536016786616288
Hotel F343,Verona,4.0,Standard,16,Relax/Vacanza,130.0,0.75,0.5,0.0028421512898994315,0.2682291666666667,0.8706945142686346
Hotel G344,Palermo,3.6,Budget/Motel,72,Relax/Vacanza,46.0,0.65,0.1,0.015085264538696982,0.049479166666666664,0.9308104840825604
Hotel H345,Venezia,2.9,Budget/Motel,39,Business/Lavoro,74.0,0.475,0.1,0.007870572802798426,0.12239583333333333,0.04683808615976284
Hotel I346,Venezia,2.7,Budget/Motel,26,Relax/Vacanza,64.0,0.42500000000000004,0.1,0.005028421512898994,0.09635416666666667,0.8204448287404447
Hotel J347,Bari,3.5,Standard,1172,Business/Lavoro,94.0,0.625,0.5,0.2555749890686489,0.17447916666666666,0.17954531613966773
Hotel K348,Firenze,2.7,Standard,205,Relax/Vacanza,152.0,0.42500000000000004,0.5,0.04416265850459117,0.3255208333333333,0.7709202800273028
Hotel L349,Bologna,3.1,Lusso/Resort,234,Business/Lavoro,326.0,0.525,0.95,0.050502842151289896,0.7786458333333334,0.22379745240267546
Hotel M350,Bologna,2.6,Standard,102,Relax/Vacanza,129.0,0.4,0.5,0.021644075207695672,0.265625,0.8684178306350329
Hotel N351,Bari,3.5,Lusso/Resort,120,Relax/Vacanza,190.0,0.625,0.95,0.025579361609094884,0.4244791666666667,0.8923291992921701
Hotel O352,Verona,2.5,Standard,472,Business/Lavoro,119.0,0.375,0.5,0.10253607345867949,0.23958333333333334,0.12145281692391027
Hotel P353,Torino,3.5,Standard,142,Business/Lavoro,111.0,0.625,0.5,0.030389156099693924,0.21875,0.19068818449831051
Hotel Q354,Venezia,4.0,Standard,280,Relax/Vacanza,108.0,0.75,0.5,0.06055968517708789,0.2109375,0.9034235777994519
Hotel R355,Napoli,2.1,Standard,117,Relax/Vacanza,106.0,0.275,0.5,0.024923480542195016,0.20572916666666666,0.8616439010068584
Hotel S356,Napoli,3.0,Budget/Motel,98,Business/Lavoro,54.0,0.5,0.1,0.020769567118495848,0.0703125,0.16172004463493478
Hotel T357,Firenze,2.8,Budget/Motel,27,Business/Lavoro,57.0,0.44999999999999996,0.1,0.005247048535198951,0.078125,0.16351716196408628
Hotel U358,Palermo,3.7,Standard,13,Relax/Vacanza,114.0,0.675,0.5,0.0021862702229995625,0.2265625,0.8068327367630309
Hotel V359,Firenze,3.4,Standard,108,Relax/Vacanza,130.0,0.6,0.5,0.022955837341495408,0.2682291666666667,0.8426235659879824
Hotel W360,Palermo,1.8,Budget/Motel,158,Business/Lavoro,38.0,0.2,0.1,0.033887188456493224,0.028645833333333332,0.14237387337738205
Hotel X361,Bari,3.0,Lusso/Resort,31,Business/Lavoro,234.0,0.5,0.95,0.006121556624398776,0.5390625,0.16916969321767475
Hotel Y362,Catania,4.0,Lusso/Resort,142,Business/Lavoro,194.0,0.75,0.95,0.030389156099693924,0.4348958333333333,0.19999121234551473
Hotel Z363,Milano,4.8,Lusso/Resort,158,Relax/Vacanza,267.0,0.95,0.95,0.033887188456493224,0.625,0.7970731959010795
Hotel A364,Bari,1.6,Standard,11,Relax/Vacanza,111.0,0.15000000000000002,0.5,0.0017490161783996502,0.21875,0.8437495484840211
Hotel B365,Milano,3.7,Standard,49,Business/Lavoro,159.0,0.675,0.5,0.010056843025797988,0.34375,0.22407277738294867
Hotel C366,Napoli,4.0,Budget/Motel,241,Business/Lavoro,34.0,0.75,0.1,0.05203323130738959,0.018229166666666668,0.11282058855937178
Hotel D367,Firenze,3.3,Standard,236,Business/Lavoro,145.0,0.575,0.5,0.05094009619588981,0.3072916666666667,0.10888749913548398
Hotel E368,Milano,3.8,Standard,37,Relax/Vacanza,130.0,0.7,0.5,0.007433318758198513,0.2682291666666667,0.8601153095915597
Hotel F369,Firenze,2.4,Budget/Motel,179,Relax/Vacanza,54.0,0.35,0.1,0.038478355924792304,0.0703125,0.892219259524266
Hotel G370,Roma,2.9,Budget/Motel,506,Business/Lavoro,55.0,0.475,0.1,0.109969392216878,0.07291666666666667,0.15057130277803296
Hotel H371,Bari,2.1,Standard,377,Relax/Vacanza,107.0,0.275,0.5,0.08176650634018365,0.20833333333333334,0.9164480295218494
Hotel I372,Roma,1.5,Standard,132,Business/Lavoro,128.0,0.125,0.5,0.02820288587669436,0.2630208333333333,0.19283969912832633
Hotel J373,Napoli,4.2,Standard,84,Relax/Vacanza,120.0,0.8,0.5,0.01770878880629646,0.2421875,0.8920910033445031
Hotel K374,Verona,3.2,Lusso/Resort,69,Business/Lavoro,286.0,0.55,0.95,0.014429383471797114,0.6744791666666666,0.17770582506620466
Hotel L375,Catania,3.6,Lusso/Resort,260,Business/Lavoro,242.0,0.65,0.95,0.05618714473108876,0.5598958333333334,0.26638265501730424
Hotel M376,Genova,1.9,Budget/Motel,187,Relax/Vacanza,37.0,0.22499999999999998,0.1,0.04022737210319195,0.026041666666666668,0.8397419155566977
Hotel N377,Milano,2.3,Standard,315,Relax/Vacanza,175.0,0.32499999999999996,0.5,0.06821163095758635,0.3854166666666667,0.7498238853966743
Hotel O378,Catania,3.3,Standard,173,Business/Lavoro,100.0,0.575,0.5,0.03716659379099257,0.19010416666666666,0.23021271807585705
Hotel P379,Palermo,2.8,Standard,396,Relax/Vacanza,103.0,0.44999999999999996,0.5,0.08592041976388282,0.19791666666666666,0.8271150284521587
Hotel Q380,Firenze,3.7,Standard,166,Relax/Vacanza,96.0,0.675,0.5,0.03563620463489287,0.1796875,0.8553940222171517
Hotel R381,Torino,3.4,Budget/Motel,380,Business/Lavoro,37.0,0.6,0.1,0.08242238740708352,0.026041666666666668,0.21547753424302635
Hotel S382,Catania,3.3,Budget/Motel,421,Business/Lavoro,45.0,0.575,0.1,0.09138609532138173,0.046875,0.06988702294705372
Hotel T383,Napoli,3.6,Standard,56,Relax/Vacanza,103.0,0.65,0.5,0.011587232181897682,0.19791666666666666,0.787417639294693
Hotel U384,Firenze,4.7,Standard,16,Relax/Vacanza,90.0,0.925,0.5,0.0028421512898994315,0.1640625,0.7699361031440572
Hotel V385,Genova,2.1,Budget/Motel,945,Relax/Vacanza,49.0,0.275,0.1,0.20594665500655882,0.057291666666666664,0.8102931854987288
Hotel W386,Catania,3.4,Standard,201,Relax/Vacanza,86.0,0.6,0.5,0.043288150415391344,0.15364583333333334,0.8719818303008496
Hotel X387,Catania,3.9,Budget/Motel,18,Relax/Vacanza,46.0,0.725,0.1,0.003279405334499344,0.049479166666666664,0.8762093921406385
Hotel Y388,Catania,5.0,Lusso/Resort,63,Relax/Vacanza,218.0,1.0,0.95,0.013117621337997376,0.4973958333333333,0.8638137089664276
Hotel Z389,Genova,1.9,Budget/Motel,374,Business/Lavoro,44.0,0.22499999999999998,0.1,0.08111062527328378,0.044270833333333336,0.07936170580538167
Hotel A390,Torino,3.2,Standard,106,Relax/Vacanza,123.0,0.55,0.5,0.022518583296895496,0.25,0.7344948281683678
Hotel B391,Firenze,5.0,Lusso/Resort,80,Business/Lavoro,259.0,1.0,0.95,0.016834280717096632,0.6041666666666666,0.1527176792695191
Hotel C392,Palermo,3.8,Standard,797,Relax/Vacanza,80.0,0.7,0.5,0.17358985570616528,0.13802083333333334,0.8264111983180832
Hotel D393,Firenze,3.6,Standard,42,Relax/Vacanza,123.0,0.65,0.5,0.008526453869698294,0.25,0.8729692885858306
Hotel E394,Torino,3.8,Lusso/Resort,56,Business/Lavoro,278.0,0.7,0.95,0.011587232181897682,0.6536458333333334,0.1850976813110635
Hotel F395,Palermo,3.1,Standard,191,Business/Lavoro,75.0,0.525,0.5,0.041101880192391776,0.125,0.15691207160293408
Hotel G396,Catania,3.2,Budget/Motel,237,Relax/Vacanza,29.0,0.55,0.1,0.05115872321818977,0.005208333333333333,0.8880066542687927
Hotel H397,Venezia,3.2,Standard,269,Relax/Vacanza,167.0,0.55,0.5,0.05815478793178837,0.3645833333333333,0.8614605687057534
Hotel I398,Venezia,3.4,Standard,442,Relax/Vacanza,135.0,0.6,0.5,0.0959772627896808,0.28125,0.8765032352800733
Hotel J399,Verona,3.5,Standard,188,Relax/Vacanza,109.0,0.625,0.5,0.04044599912549191,0.21354166666666666,0.8147663368565059
Hotel K400,Roma,2.9,Standard,267,Relax/Vacanza,91.0,0.475,0.5,0.057717533887188456,0.16666666666666666,0.8410194293084271
Hotel L401,Bologna,3.4,Budget/Motel,108,Relax/Vacanza,40.0,0.6,0.1,0.022955837341495408,0.033854166666666664,0.8598388048328478
Hotel M402,Verona,5.0,Budget/Motel,160,Relax/Vacanza,47.0,1.0,0.1,0.034324442501093136,0.052083333333333336,0.8910264237708709
Hotel N403,Bologna,2.6,Lusso/Resort,168,Relax/Vacanza,296.0,0.4,0.95,0.036073458679492784,0.7005208333333334,0.8303129413887713
Hotel O404,Napoli,3.3,Budget/Motel,192,Business/Lavoro,36.0,0.575,0.1,0.041320507214691736,0.0234375,0.17605836278660564
Hotel P405,Bari,2.4,Budget/Motel,375,Business/Lavoro,48.0,0.35,0.1,0.08132925229558373,0.0546875,0.13670806040423106
Hotel Q406,Napoli,3.9,Standard,288,Relax/Vacanza,89.0,0.725,0.5,0.062308701355487536,0.16145833333333334,0.8441228916335934
Hotel R407,Verona,3.0,Budget/Motel,156,Relax/Vacanza,42.0,0.5,0.1,0.03344993441189331,0.0390625,0.8914759521012037
Hotel S408,Torino,4.6,Lusso/Resort,56,Relax/Vacanza,304.0,0.8999999999999999,0.95,0.011587232181897682,0.7213541666666666,0.7503469814472922
Hotel T409,Roma,3.9,Budget/Motel,160,Relax/Vacanza,53.0,0.725,0.1,0.034324442501093136,0.06770833333333333,0.785176383596262
Hotel U410,Bologna,3.6,Standard,143,Business/Lavoro,101.0,0.65,0.5,0.03060778312199388,0.19270833333333334,0.07589073012785895
Hotel V411,Roma,4.3,Standard,187,Business/Lavoro,124.0,0.825,0.5,0.04022737210319195,0.2526041666666667,0.03331919400758475
Hotel W412,Catania,2.1,Lusso/Resort,2096,Business/Lavoro,266.0,0.275,0.95,0.4575863576738085,0.6223958333333334,0.11608677799224115
Hotel X413,Palermo,4.3,Budget/Motel,79,Business/Lavoro,47.0,0.825,0.1,0.016615653694796676,0.052083333333333336,0.18747169498638702
Hotel Y414,Napoli,4.3,Lusso/Resort,246,Business/Lavoro,205.0,0.825,0.95,0.053126366418889376,0.4635416666666667,0.13575579668087126
Hotel Z415,Torino,4.9,Lusso/Resort,534,Business/Lavoro,245.0,0.9750000000000001,0.95,0.11609094884127678,0.5677083333333334,0.1598895040970926
Hotel A416,Palermo,3.0,Lusso/Resort,166,Relax/Vacanza,224.0,0.5,0.95,0.03563620463489287,0.5130208333333334,0.9044608748355396
Hotel B417,Venezia,2.3,Budget/Motel,2453,Relax/Vacanza,52.0,0.32499999999999996,0.1,0.5356362046348929,0.06510416666666667,0.9163843066133845
Hotel C418,Venezia,4.1,Lusso/Resort,94,Relax/Vacanza,348.0,0.7749999999999999,0.95,0.01989505902929602,0.8359375,0.846543103263693
Hotel D419,Torino,3.0,Budget/Motel,218,Relax/Vacanza,43.0,0.5,0.1,0.0470048097944906,0.041666666666666664,0.9176792944784699
Hotel E420,Venezia,3.6,Standard,56,Relax/Vacanza,174.0,0.65,0.5,0.011587232181897682,0.3828125,0.8546063329217054
Hotel F421,Bari,4.9,Lusso/Resort,97,Business/Lavoro,261.0,0.9750000000000001,0.95,0.020550940096195888,0.609375,0.10813008880862689
Hotel G422,Milano,2.6,Lusso/Resort,200,Business/Lavoro,297.0,0.4,0.95,0.043069523393091384,0.703125,0.12027998239006324
Hotel H423,Bari,4.8,Lusso/Resort,409,Relax/Vacanza,214.0,0.95,0.95,0.08876257105378224,0.4869791666666667,0.7759731743717492
Hotel I424,Napoli,3.4,Standard,217,Relax/Vacanza,109.0,0.6,0.5,0.04678618277219064,0.21354166666666666,0.8055933073133174
Hotel J425,Bologna,2.8,Budget/Motel,672,Relax/Vacanza,41.0,0.44999999999999996,0.1,0.14626147791867075,0.036458333333333336,0.8320991655962785
Hotel K426,Milano,2.8,Lusso/Resort,132,Relax/Vacanza,340.0,0.44999999999999996,0.95,0.02820288587669436,0.8151041666666666,0.89017925096893
Hotel L427,Napoli,3.4,Budget/Motel,99,Business/Lavoro,40.0,0.6,0.1,0.020988194140795804,0.033854166666666664,0.2360384915582992
Hotel M428,Bari,2.1,Lusso/Resort,3807,Relax/Vacanza,189.0,0.275,0.95,0.8316571928290337,0.421875,0.7808909242311479
Hotel N429,Venezia,3.5,Budget/Motel,238,Business/Lavoro,52.0,0.625,0.1,0.05137735024048973,0.06510416666666667,0.16964137341299595
Hotel O430,Milano,1.8,Budget/Motel,62,Relax/Vacanza,66.0,0.2,0.1,0.01289899431569742,0.1015625,0.7979728030421233
Hotel P431,Bologna,3.0,Budget/Motel,64,Relax/Vacanza,44.0,0.5,0.1,0.013336248360297332,0.044270833333333336,0.8737348544231601
Hotel Q432,Milano,3.3,Standard,47,Relax/Vacanza,164.0,0.575,0.5,0.009619588981198076,0.3567708333333333,0.8434456674656137
Hotel R433,Venezia,3.9,Budget/Motel,456,Business/Lavoro,56.0,0.725,0.1,0.09903804110188019,0.07552083333333333,0.05845470870762347
Hotel S434,Torino,3.9,Lusso/Resort,95,Business/Lavoro,258.0,0.725,0.95,0.020113686051595976,0.6015625,0.1964148495784242
Hotel T435,Bologna,3.4,Lusso/Resort,172,Relax/Vacanza,353.0,0.6,0.95,0.03694796676869261,0.8489583333333334,0.8197499643595634
Hotel U436,Palermo,3.6,Lusso/Resort,137,Business/Lavoro,186.0,0.65,0.95,0.02929602098819414,0.4140625,0.12330498808132226
Hotel V437,Verona,4.4,Standard,357,Relax/Vacanza,83.0,0.8500000000000001,0.5,0.07739396589418453,0.14583333333333334,0.7965123794355154
Hotel W438,Genova,3.8,Standard,53,Business/Lavoro,125.0,0.7,0.5,0.010931351114997814,0.2552083333333333,0.11728583616562221
Hotel X439,Roma,3.1,Standard,40,Relax/Vacanza,111.0,0.525,0.5,0.008089199825098382,0.21875,0.8713945220347459
Hotel Y440,Napoli,2.8,Budget/Motel,194,Relax/Vacanza,40.0,0.44999999999999996,0.1,0.04175776125929165,0.033854166666666664,0.8405377829531797
Hotel Z441,Roma,2.7,Lusso/Resort,305,Business/Lavoro,273.0,0.42500000000000004,0.95,0.0660253607345868,0.640625,0.16643310011412404
Hotel A442,Roma,3.7,Standard,221,Relax/Vacanza,132.0,0.675,0.5,0.047660690861390465,0.2734375,0.8680960926964422
Hotel B443,Firenze,2.6,Lusso/Resort,56,Relax/Vacanza,256.0,0.4,0.95,0.011587232181897682,0.5963541666666666,0.9160330827764083
Hotel C444,Palermo,4.0,Standard,334,Relax/Vacanza,91.0,0.75,0.5,0.07236554438128552,0.16666666666666666,0.832860692456781
Hotel D445,Genova,3.5,Standard,60,Relax/Vacanza,112.0,0.625,0.5,0.012461740271097508,0.22135416666666666,0.7761571091577134
Hotel E446,Bari,4.9,Budget/Motel,79,Business/Lavoro,32.0,0.9750000000000001,0.1,0.016615653694796676,0.013020833333333334,0.20336112082859914
Hotel F447,Palermo,2.5,Standard,47,Business/Lavoro,84.0,0.375,0.5,0.009619588981198076,0.1484375,0.13342559139513727
Hotel G448,Bari,3.9,Lusso/Resort,707,Business/Lavoro,209.0,0.725,0.95,0.15391342369916922,0.4739583333333333,0.20572962222886884
Hotel H449,Firenze,4.8,Standard,317,Relax/Vacanza,99.0,0.95,0.5,0.06864888500218627,0.1875,0.8691688556591235
Hotel I450,Genova,5.0,Lusso/Resort,306,Relax/Vacanza,231.0,1.0,0.95,0.06624398775688675,0.53125,0.8434431234898327
Hotel J451,Genova,2.4,Budget/Motel,662,Relax/Vacanza,44.0,0.35,0.1,0.1440752076956712,0.044270833333333336,0.8674387947023148
Hotel K452,Milano,3.6,Standard,4338,Relax/Vacanza,124.0,0.65,0.5,0.9477481416703104,0.2526041666666667,0.947550628006315
Hotel L453,Torino,4.0,Lusso/Resort,19,Relax/Vacanza,237.0,0.75,0.95,0.0034980323567993005,0.546875,0.9538490264526877
Hotel M454,Bari,4.2,Lusso/Resort,61,Business/Lavoro,220.0,0.8,0.95,0.012680367293397464,0.5026041666666666,0.15346905675663894
Hotel N455,Torino,3.4,Lusso/Resort,70,Business/Lavoro,223.0,0.6,0.95,0.01464801049409707,0.5104166666666666,0.15800952966585377
Hotel O456,Genova,2.9,Budget/Motel,53,Business/Lavoro,47.0,0.475,0.1,0.010931351114997814,0.052083333333333336,0.20381200787331927
Hotel P457,Catania,2.1,Standard,40,Relax/Vacanza,114.0,0.275,0.5,0.008089199825098382,0.2265625,0.8077169483616327
Hotel Q458,Torino,3.1,Budget/Motel,103,Relax/Vacanza,40.0,0.525,0.1,0.021862702229995628,0.033854166666666664,0.8666535186309128
Hotel R459,Roma,3.8,Standard,34,Relax/Vacanza,136.0,0.7,0.5,0.006777437691298645,0.2838541666666667,0.8487068576023071
Hotel S460,Napoli,3.2,Standard,221,Relax/Vacanza,95.0,0.55,0.5,0.047660690861390465,0.17708333333333334,0.8656954105728777
Hotel T461,Firenze,2.7,Lusso/Resort,157,Relax/Vacanza,315.0,0.42500000000000004,0.95,0.033668561434193264,0.75,0.8083315597025297
Hotel U462,Torino,3.8,Budget/Motel,264,Relax/Vacanza,53.0,0.7,0.1,0.057061652820288584,0.06770833333333333,0.7705216253345515
Hotel V463,Palermo,3.7,Standard,272,Relax/Vacanza,101.0,0.675,0.5,0.05881066899868824,0.19270833333333334,0.7463508282004354
Hotel W464,Torino,2.8,Standard,306,Business/Lavoro,77.0,0.44999999999999996,0.5,0.06624398775688675,0.13020833333333334,0.0941307943505196
Hotel X465,Firenze,3.2,Standard,94,Relax/Vacanza,135.0,0.55,0.5,0.01989505902929602,0.28125,0.8270662357530333
Hotel Y466,Venezia,2.2,Standard,1891,Business/Lavoro,176.0,0.30000000000000004,0.5,0.41276781810231744,0.3880208333333333,0.1353404206675619
Hotel Z467,Verona,2.2,Budget/Motel,196,Relax/Vacanza,46.0,0.30000000000000004,0.1,0.04219501530389156,0.049479166666666664,0.9468615581214759
Hotel A468,Roma,3.6,Lusso/Resort,15,Relax/Vacanza,344.0,0.65,0.95,0.0026235242675994755,0.8255208333333334,0.9052996684953649
Hotel B469,Firenze,4.4,Standard,44,Relax/Vacanza,113.0,0.8500000000000001,0.5,0.008963707914298208,0.22395833333333334,0.8018954441829186
Hotel C470,Genova,2.9,Standard,18,Relax/Vacanza,81.0,0.475,0.5,0.003279405334499344,0.140625,0.8673854226225478
Hotel D471,Milano,3.9,Standard,151,Relax/Vacanza,135.0,0.725,0.5,0.03235679930039353,0.28125,0.8296460881824838
Hotel E472,Napoli,3.6,Lusso/Resort,128,Relax/Vacanza,172.0,0.65,0.95,0.027328377787494536,0.3776041666666667,0.8357818080979952
Hotel F473,Firenze,4.2,Lusso/Resort,84,Business/Lavoro,288.0,0.8,0.95,0.01770878880629646,0.6796875,0.1592662824707691
Hotel G474,Milano,3.3,Standard,1657,Relax/Vacanza,157.0,0.575,0.5,0.3616090948841277,0.3385416666666667,0.8809585558487696
Hotel H475,Torino,4.1,Standard,286,Business/Lavoro,75.0,0.7749999999999999,0.5,0.061871447310887624,0.125,0.13303707580579924
Hotel I476,Bologna,3.0,Standard,354,Relax/Vacanza,89.0,0.5,0.5,0.07673808482728466,0.16145833333333334,0.9031925766367179
Hotel J477,Firenze,2.1,Standard,48,Relax/Vacanza,107.0,0.275,0.5,0.009838216003498032,0.20833333333333334,0.7929030886928797
Hotel K478,Roma,2.3,Standard,44,Relax/Vacanza,125.0,0.32499999999999996,0.5,0.008963707914298208,0.2552083333333333,0.8503169531181134
Hotel L479,Milano,3.0,Standard,155,Relax/Vacanza,125.0,0.5,0.5,0.03323130738959335,0.2552083333333333,0.9798836863297916
Hotel M480,Palermo,2.4,Standard,182,Business/Lavoro,113.0,0.35,0.5,0.039134236991692176,0.22395833333333334,0.16115398713126375
Hotel N481,Genova,4.3,Lusso/Resort,15,Business/Lavoro,282.0,0.825,0.95,0.0026235242675994755,0.6640625,0.22166072533030862
Hotel O482,Firenze,3.0,Standard,119,Business/Lavoro,136.0,0.5,0.5,0.025360734586794928,0.2838541666666667,0.1545760089086604
Hotel P483,Venezia,5.0,Standard,150,Relax/Vacanza,152.0,1.0,0.5,0.032138172278093576,0.3255208333333333,0.8790388547664898
Hotel Q484,Napoli,2.6,Lusso/Resort,114,Relax/Vacanza,248.0,0.4,0.95,0.024267599475295148,0.5755208333333334,0.8471608402803654
Hotel R485,Napoli,3.6,Standard,55,Business/Lavoro,86.0,0.65,0.5,0.011368605159597726,0.15364583333333334,0.14147962094178979
Hotel S486,Firenze,2.5,Standard,77,Relax/Vacanza,143.0,0.375,0.5,0.016178399650196764,0.3020833333333333,0.811025880163729
Hotel T487,Roma,3.6,Lusso/Resort,120,Relax/Vacanza,249.0,0.65,0.95,0.025579361609094884,0.578125,0.8715150679478776
Hotel U488,Bologna,3.5,Standard,165,Relax/Vacanza,124.0,0.625,0.5,0.03541757761259292,0.2526041666666667,0.8074231405407116
Hotel V489,Napoli,1.5,Standard,306,Business/Lavoro,117.0,0.125,0.5,0.06624398775688675,0.234375,0.18327926181567145
Hotel W490,Napoli,3.6,Standard,542,Business/Lavoro,102.0,0.65,0.5,0.11783996501967643,0.1953125,0.2042643502222955
Hotel X491,Venezia,4.9,Standard,104,Business/Lavoro,145.0,0.9750000000000001,0.5,0.022081329252295584,0.3072916666666667,0.1683265703618615
Hotel Y492,Catania,3.0,Standard,85,Business/Lavoro,99.0,0.5,0.5,0.017927415828596416,0.1875,0.1356875633222154
Hotel Z493,Palermo,3.6,Standard,250,Relax/Vacanza,53.0,0.65,0.5,0.0540008745080892,0.06770833333333333,0.8726982789654347
Hotel A494,Torino,3.8,Budget/Motel,308,Business/Lavoro,45.0,0.7,0.1,0.06668124180148666,0.046875,0.13456634722267935
Hotel B495,Firenze,3.3,Standard,88,Relax/Vacanza,124.0,0.575,0.5,0.018583296895496284,0.2526041666666667,0.8967773562732575
Hotel C496,Bari,2.9,Standard,383,Business/Lavoro,93.0,0.475,0.5,0.08307826847398339,0.171875,0.05842969578924381
Hotel D497,Genova,1.6,Standard,480,Relax/Vacanza,116.0,0.15000000000000002,0.5,0.10428508963707914,0.23177083333333334,0.8332196315940676
Hotel E498,Roma,3.9,Standard,699,Business/Lavoro,125.0,0.725,0.5,0.15216440752076957,0.2552083333333333,0.05045940024380011
Hotel F499,Catania,3.3,Standard,1253,Relax/Vacanza,78.0,0.575,0.5,0.27328377787494534,0.1328125,0.7752469584886397
